{"cameraMode":{"drawMode":0,"name":"Shaded","section":"Shading Mode"},"sceneLighting":true,"audioPlay":false,"sceneViewState":{"showFog":true,"showMaterialUpdate":true,"showSkybox":true,"showFlares":true,"showImageEffects":true,"showParticleSystems":true},"in2DMode":false,"pivot":{"x":40.181976318359378,"y":108.24905395507813,"z":278.9730224609375},"rotation":{"x":-0.09363848716020584,"y":-0.15899401903152467,"z":-0.015150013379752636,"w":0.9827122092247009},"size":554.1118774414063,"orthographic":false}