{"cameraMode":{"drawMode":0,"name":"Shaded","section":"Shading Mode"},"sceneLighting":true,"audioPlay":false,"sceneViewState":{"showFog":true,"showMaterialUpdate":true,"showSkybox":true,"showFlares":true,"showImageEffects":true,"showParticleSystems":true},"in2DMode":false,"pivot":{"x":-97.58161926269531,"y":-20.400888442993165,"z":-0.8892537355422974},"rotation":{"x":0.22888389229774476,"y":-0.673515260219574,"z":0.23204895853996278,"w":0.6634324789047241},"size":81.54792022705078,"orthographic":false}