{"cameraMode":{"drawMode":0,"name":"Shaded","section":"Shading Mode"},"sceneLighting":false,"audioPlay":false,"sceneViewState":{"showFog":true,"showMaterialUpdate":true,"showSkybox":true,"showFlares":true,"showImageEffects":true,"showParticleSystems":true},"in2DMode":false,"pivot":{"x":45.77000427246094,"y":1.3145991563796998,"z":115.23792266845703},"rotation":{"x":0.003204093547537923,"y":-0.7424819469451904,"z":0.0036025792360305788,"w":0.6698487997055054},"size":8.933528900146485,"orthographic":true}